Astronomical Low Tide Z,Astronomical Low Tide
Avalanche Z,Avalanche
Blizzard Z,Blizzard
Coastal Flood Z,Coastal Flood
Cold/Wind Chill Z,Cold/Wind Chill
Debris Flow C,Debris Flow
Dense Fog Z,Dense Fog
Dense Smoke Z,Dense Smoke
Drought Z,Drought
Dust Devil C,Dust Devil
Dust Storm Z,Dust Storm
Excessive Heat Z,Excessive Heat
Extreme Cold/Wind Chill Z,Extreme Cold/Wind Chill
Flash Flood C,Flash Flood
Flood C,Flood
Frost/Freeze Z,Frost/Freeze
Funnel Cloud C,Funnel Cloud
Freezing Fog Z,Freezing Fog
Hail C,Hail
Heat Z,Heat
Heavy Rain C,Heavy Rain
Heavy Snow Z,Heavy Snow
High Surf Z,High Surf
High Wind Z,High Wind
Hurricane (Typhoon) Z,Hurricane (Typhoon)
Ice Storm Z,Ice Storm
Lake-Effect Snow Z,Lake-Effect Snow
Lakeshore Flood Z,Lakeshore Flood
Lightning C,Lightning
Marine Hail M,Marine Hail
Marine High Wind M,Marine High Wind
Marine Strong Wind M,Marine Strong Wind
Marine Thunderstorm Wind M,Marine Thunderstorm Wind
Rip Current Z,Rip Current
Seiche Z,Seiche
Sleet Z,Sleet
Storm Surge/Tide Z,Storm Surge/Tide
Strong Wind Z,Strong Wind
Thunderstorm Wind C,Thunderstorm Wind
Tornado C,Tornado
Tropical Depression Z,Tropical Depression
Tropical Storm Z Tsunami Z,Tropical Storm Z Tsunami
Volcanic Ash Z,Volcanic Ash
Waterspout M,Waterspout
Wildfire Z,Wildfire
Winter Storm Z,Winter Storm
Winter Weather Z,Winter Weather
